Date,Blackquote,Caption,Like Count,Comment Count,Share Count
"Sunday, September 24, 2023 at 1:45 PM","DH Fibernet has 50 Mbps now 100 Mbps only in Rs. 7798
DH Fibernet has ""double celebration of Connection"", this year's Dashain, Tihar and Chhath festival is special.
Contact DH Fibernet Dealer brother or 01-4525440 today and take advantage of double speed.
#DHFibernet #connectionyoucantrust #1sahiconnection #connectionkodobbarutsav #festive  #dasain #tihar #chhath #offer #isp #connection
  ┬╖ See original
  ┬╖ Rate this translation",0,18,0,0
"Sunday, September 17, 2023 at 8:28 PM","Along with the festive season, we have brought you CONNECTION KO double UTSAV
Now you will get double speed in the same price when you add every new connection of DH Fibernet.
Contact DH Fibernet Dealer brother or 01-4525440 today and take advantage of double speed.
#ConnectionkoDobbarUtsav #dasain #tihar #chhath #festive #offer #isp #connection #dhfibernet
  ┬╖ See original
  ┬╖ Rate this translation",0,4,0,0
"Wednesday, September 6, 2023 at 1:40 PM",0,"May you be able to defeat all the life's hurdles and evils just as Lord Krishna did!! 
Happy Krishna Janmasthami!! 
#Happiness #KhusikoConnnection #DishHome #Nepal #krishna #janmashtami",2,0,0
"Thursday, August 31, 2023 at 11:43 AM","On behalf of Dish Home Storm Network family, best wishes to all Nepalese living in the country and abroad on the occasion of Gaijatra today.
#ramnawami #DishHome  #highspeed #ISP #Nepal #wifi  #dishhomestormnetwork
  ┬╖ See original
  ┬╖ Rate this translation",0,2,0,0
0,0,0,0,DH Fibernet-Storm Network ┬╖ Original audio,0
"Sunday, July 23, 2023 at 12:04 PM",0,"Unlimited Internet @ 677 Per month!!!
Hurry Up !! Text or call for more.
Call us at 01-4525440 for New Connection.
Viber:- 9823747351
#DishHomeFibernet #рез_рд╕рд╣реА_Connection #DualBandRouter5G
#ISP #Quality #HighSpeed #Reliable #BestPrice #DishHome #Nepal",138,15,0
"Friday, July 14, 2023 at 6:47 PM",0,"SPECIAL OFFER  AVAIABLE !!    OFFER  !! OFFER !!
Are you worried about the old internet that keeps you rotated??
Connect ISO CERTIFIED Internet of new technology - DISHHOME FIBERNET in your home office today and be sure!
Contact for connection :01-4525440/9823747351
VIBER / WHATSAPP AVAIABLE
#DishHomeFibernet #рез_рд╕рд╣реА_Connection #NewYear2080BS #DualBandRouter5G
#ISP #Quality #HighSpeed #Reliable #BestPrice #DishHome #nepal",37,3,1
"Friday, April 14, 2023 at 7:00 AM","May all your wishes come true and may every opportunity be fruitful. Best wishes to all Nepalese for the new year 2075.
#newyear2080 #HappyNewYear  #DishHome  #highspeed #ISP #Nepal #wifi #see #exam #DishHomeFibernet #dishhomestormnetwork
  ┬╖ See original
  ┬╖ Rate this translation",0,4,0,0
"Monday, April 3, 2023 at 2:01 PM","Did Slow Internet interrupted your studies?
Don't worry because Dish Home has brought High Speed Internet and that too at a reasonable price.
Contact today for Jadaan: 9828043722
#DishHome  #highspeed #ISP #Nepal #wifi #see #exam #DishHomeFibernet #dishhomestormnetwork
  ┬╖ See original
  ┬╖ Rate this translation",0,8,1,8
"Thursday, March 30, 2023 at 7:00 AM","Best wishes to all Nepalese living in the country and abroad on the occasion of Ram Nawami on behalf of Dish Home Storm Network family.
#ramnawami #DishHome  #highspeed #ISP #Nepal #wifi  #dishhomestormnetwork
  ┬╖ See original
  ┬╖ Rate this translation",0,4,0,0
"Tuesday, March 21, 2023 at 7:00 AM",0,"""рдЯреБрдиреНрдбреА"" рдирд╛рдордХ рд░рд╛рдХреНрд╖рд╕рд▓рд╛рдИ рдШреЛрдбрд╛рдХреЛ рдЯрд╛рдкрд▓реЗ рдХреБрд▓реНрдЪрд╛рдПрд░ рдорд╛рд░реЗрдкрдЫрд┐ рдорд▓реНрд▓рдХрд╛рд▓ рджреЗрдЦрд┐ рд╕реБрд░реБ рднрдПрдХреЛ рдШреЛрдбреЗ рдЬрд╛рддреНрд░рд╛ рд╕рдмреИ рдиреЗрдкрд╛рд▓реАрд▓реЗ рдЖрдлреНрдирд╛ рдкреНрд░рд┐рдпрдЬрдирд╣рд░реБрдХреЛ рд╕рд╛рдердорд╛ рдордирд╛рдФрдБ ред
рдШреЛрдбреЗ рдЬрд╛рддреНрд░рд╛рдХреЛ рд╢реБрднрдХрд╛рдордирд╛ ред
#DishHomeFibernet #ConnectingNation #ISP #BestPrice #HighSpeedInternet #DishHome #Nepal #ghodejatra #dishhomestormnetwork",5,10,0
"Sunday, March 19, 2023 at 3:59 PM","The more recharge the more BONUS!!
Recharge today from Dish home fund transfer or recharge card for bonus.
#DishHome  #highspeed #ISP #Nepal #wifi #Bonus #dishhomestormnetwork
  ┬╖ See original
  ┬╖ Rate this translation",0,4,10,0
"Wednesday, March 8, 2023 at 3:17 PM","Are you fed up of slow internet?
Don't worry Dish Home has brought high speed internet services.
No in speed. 1
The price is also low.
 #DishHome  #highspeed #ISP #Nepal #wifi #DishHomeiTV #BestPrice #dishhomestormnetwork
  ┬╖ See original
  ┬╖ Rate this translation",0,3,1,0
"Wednesday, March 8, 2023 at 11:29 AM",0,"""There is no limit to what we, as women, can accomplish"" - Michelle Obama 
  рддреНрдпрд╕реИрд▓реЗ, рдорд╣рд┐рд▓рд╛ рд╕рд╢рдХреНрддрд┐рдХрд░рдг, рд▓реИрдЩреНрдЧрд┐рдХ рд╕рдорд╛рдирддрд╛ рд╕рдереИ рдорд╣рд┐рд▓рд╛рд╣рд░реБрдХреЛ рд╕рд╛рдорд╛рдЬрд┐рдХ, рд░рд╛рдЬрдиреИрддрд┐рдХ рд░ рдЖрд░реНрдерд┐рдХ рд╡рд┐рдХрд╛рд╕рдХреЛ рд▓рдЧрд┐ рд╕рдВрд░реНрдШрд╖ рдЧрд░реНрди рдирдЫреЛрдбреМредред
#рдирд╛рд░реА #рдЕрддрд░рд░рд╛рд╖реНрдЯреНрд░реАрдп_рдорд╣рд┐рд▓рд╛_рджрд┐рд╡рд╕ #womensday #womensday2023 #internationalwomensday #DishHome  #highspeed #ISP #Nepal #wifi  #dishhomestormnetwork",2,0,0
"Monday, March 6, 2023 at 7:00 AM",0,"рдпрд╕рдкрд╛рд▓рд┐рдХреЛ рд╣реЛрд▓реАрд▓реЗ рд╣рдЬреБрд░рдХреЛ рдЬрд┐рд╡рдирдорд╛ рдЦреБрд╕реАрдХреЛ рд░рдЩреНрдЧ рд▓рд┐рдПрд░ рдЖрд╡реЛрд╕реНред
рдпрд╣рд┐ рдЫ рд╣рдЬреБрд░рд▓рд╛рдИ рд╣реЛрд▓реАрдХреЛ рд╕реБрднрдХрд╛рдордирд╛редред
#рд╣реЛрд▓реА  #holi  #HappyHoli  #happyholi2023 #DishHome  #highspeed #ISP #Nepal 
#dishhomestormnetwork",5,0,0
"Monday, February 27, 2023 at 3:28 PM",0,"рд╣рд░рд┐ рджрд╛рдЗрдХреЛрдорд╛ рдЧрдПрд░ рез рд╡рд░реНрд╖рдХреЛ рд░рд┐рдЪрд╛рд░реНрдЬ рдЧрд░реНрдиреБрд╣реЛрд╕реН, рдЕрд░реНрдХреЛ рд╡рд░реНрд╖ Free рдорд╛ TV рд╣реЗрд░реНрдиреБрд╣реЛрд╕реНред
#1BarshaMa24Mahina #DishHomeiTV #DishHome #dishhomestormnetwork #DHiSmartTV #dhbhaktapur #DishHomeBhaktapur",8,1,0
"Tuesday, February 21, 2023 at 7:00 AM",0,"рд╢реЗрд░реНрдкрд╛ рдЬрд╛рддрд┐рдХреЛ рдирдпрд╛рдБ рд╡рд░реНрд╖ рдЧреНрдпрд╛рд▓реНрдкреЛ рд▓реНрд╣реЛрдЫрд╛рд░рдХреЛ рдЙрдкрд▓рдХреНрд╖реНрдпрдорд╛ рд╕рдореНрдкреБрд░реНрдг рд╢реЗрд░реНрдкрд╛ рдЬрд╛рддрд┐ рддрдерд╛ рд╕рд╛рд░рд╛ рдиреЗрдкрд╛рд▓реАрд▓рд╛рдИ рд╕реБрдЦ, рд╢рд╛рдиреНрддрд┐, рд╕реБрд╕реНрд╡рд╛рд╕реНрдердХреЛ рд░ рд╕рдореГрджреНрдзрд┐рдХреЛ  рд╣рд╛рд░реНрджрд┐рдХ рдордЩрд▓рдордп рд╢реБрднрдХрд╛рдордирд╛ред
#gyalpolhosar #lhosar #festival #DishHomeFibernet #itv #dhfibernetstormnetwork #dishhomestormnetowork",7,0,0
"Sunday, February 19, 2023 at 7:00 AM",0,"рд╣рд╛рдореА Dish home Storm Network рдХреЛ рддрд░реНрдл рдмрд╛рдЯ рд╕рдореНрдкреВрд░реНрдг рдиреЗрдкрд╛рд▓реАрд▓рд╛рдИ ренрейрдФрдВ рдкреНрд░рдЬрд╛рддрдиреНрддреНрд░ рджрд┐рд╡рд╕рдХреЛ рд╣рд╛рд░реНрджрд┐рдХ рд╢реБрднрдХрд╛рдордирд╛ред
рд╣рд╛рдореНрд░реЛ рджреЗрд╢рдорд╛ рд╢рд╛рдиреНрддреА рд░ рд╕реБрд╢рд╛рд╕рди рдХрд╛рдпрдо рд░рд╣рд┐рд░рд╣реЛрд╕реНред
.
.
.
#PrajatantraDiwas #DemocracyDay #Falgun7 #ITV #DishHome #DishHomeiTV #dishhomestormnetwork #dhfibernetstormnetwork",14,1,0
"Saturday, February 18, 2023 at 7:00 AM",0,"рд╢рд┐рд╡рд░рд╛рддреНрд░реАрдорд╛ рдкрд╢реБрдкрддрд┐рдирд╛рдердХреЛ рджрд░реНрд╢рди рдШрд░реИрдмрд╛рдЯ! 
рдХрд╛рдардорд╛рдбреМрдВ рднрдиреНрджрд╛ рдЯрд╛рдврд╛ рдмрд╕реНрдиреБрд╣реБрдиреЗ рд╢реНрд░рджреНрдзрд╛рд▓реБ рднрдХреНрддрдЬрдирд▓реЗ рд╢рд┐рд╡рд░рд╛рддреНрд░реАрдХреЛ live updates рд╣реЗрд░реНрди рдирднреБрд▓реНрдиреБ рд╣реЛрд▓рд╛ред
.
.
.
#dishhome   #dishhomestormnetwork #dishhomeitv #shivaratri #Pashupatinath #itv",18,1,0
"Tuesday, February 14, 2023 at 6:39 AM",0,"рдорд╛рдпрд╛рд▓реБ рдирднрдПрд░ рдХреЗ рднрдпреЛ рдд, Dish home рдд рдЫ рдирд┐ред
.
.
.
.
#valentinesday #valentinesweek #dishhome #dishhomefibernetwork #dishhomestormnetwork #dishhomeforsingles",3,0,0
"Monday, February 13, 2023 at 7:00 AM",0,"Single life, Smart рд╣рд░реБрдХреЛ choice.....рдЕрдирд┐  Dish home рдкрдирд┐ред
.
.
.
.
#valentineweek #kissday #valentinesday #INTERNET #DishHome #itv #dishhomefibernet #dishhome #fibernetwork",4,0,0
"Sunday, February 12, 2023 at 1:21 PM",0,"Everyone needs hug once in a while.
So here we are, sending you warm hugs.
#valentinesweek #hugday #dishhome #dishhomefibernetwork #dishhomeiTV #itv #Fibernet #dishhomestormnetwork",6,0,0
"Saturday, February 11, 2023 at 7:00 AM",0,"Fibernet 
High speed 
Dual Band
iTV 
DTH
рддрдкрд╛рдИрдВрд▓реЗ рдЦреЛрдЬреЗ рдЬрд╕реНрддреЛ Service, рд░реЛрдЬреЗ рдЬрд╕реНрддреЛ рдореБрд▓реНрдпрдорд╛ ред
рдЬрдбрд╛рдирдХреЛ рд▓рд╛рдЧреА рдЖрдЬреИ рд╕рдореНрдкрд░реНрдХ рдЧрд░реНрдиреБрд╣реЛрд╕реН ред
 #promiseday  #valentineweek #DishHome #dishhomestormnetwork #fibernet #itv #internet",4,0,0
"Friday, February 10, 2023 at 7:00 AM",0,"Partner рдЫреИрди ?
Don't worry!
Internet surf рдЧрд░реМрдБ
рдШрд░реИ рдмрд╕рд┐редред
Try chocolates with internet and get a blast of Dopamine
#internet #Fibernet #dishhome #dishhomestormnetwork #itv #internet #WIFI",6,0,0
"Friday, February 10, 2023 at 7:00 AM",0,"Teddy рдХрд┐рдиреНрдиреЗ рдкреИрд╕рд╛рдорд╛  рдд Dish home ko  Package рдиреИ рдЖрдЙрдЫ рд╣реИред 
рддрдкрд╛рдИрдВ рдХреБрди рд░реЛрдЬреНрдиреБ рд╣реБрдиреНрдЫ ?
#valentineweek  #teddybear  #teddyday #DishHome #itv #WIFI #INTERNET #dishhomestormnetwork #DishHomeFibernet",3,0,0
"Thursday, February 9, 2023 at 7:00 AM",0,"Partner рдЫреИрди ? 
Don't worry! 
Internet surf рдЧрд░реМрдБ
рдШрд░реИ рдмрд╕рд┐редред
Try chocolates with internet and get a blast of Dopamine
#internet #Fibernet #dishhome #dishhomestormnetwork #itv #internet #wifi",9,0,0
"Wednesday, February 8, 2023 at 7:43 AM",0,"Compromise рдХрд┐рди рдЧрд░реНрдереЗ, рдЬрдм рдлреБрдЯреНрдпрд╛ рдорд╛рд▓ рдирд┐ рдмрд┐рдХреНрдЫред
рднрдиреЗрдЬрд╕реНрддреЛ рдирдкрд╛рдПрд╕рдореНрдо, Single life рдареАрдХ рдЫред
.
.
Stay single and watch Dish home.
#DishHomeFibernet  #dishhomestormnetwork #internetpackages #proposeday #dealerdai",3,1,0
"Tuesday, February 7, 2023 at 9:00 AM",0,"Voluntarily single to save the environment 
Be single, save Rose plant 
.
.
.
.
#HappyRoseDay #RoseDay #FreeInternet #dishhomestormnetwork #stormnetwork #internetpackages",18,0,0
"Tuesday, February 7, 2023 at 7:00 AM",0,"рд╣рдЬреБрд░рдХреЛ Internet рдХреЛ рд╕реБрд░рдХреНрд╖рд╛ рдЕрдм Dish home Fibernet рдХреЛ рдЬрд┐рдореНрдорд╛ !
.
.
.
.
.
.
#dishhome #itv #saferinternetday2023 #saferinternetday #internet #awareness #stormnetwork #dishhomestormnetwork",4,0,0
"Friday, February 3, 2023 at 11:20 PM",0,"Bollywood рдХреЛ SRK рд░
Internet рдорд╛ DishHome
рдЙрд╕реНрддрд╛рдЙрд╕реНрддреИ рд╣реЛ редред
#dishhome #pathaan #SRK #shahrukhkhan #dishhomefibernet #internet #iTV #fibernet #nepal",7,0,0
"Wednesday, February 1, 2023 at 12:26 PM",0,"рез рд╡рд░реНрд╖рд▓рд╛рдИ Internet рд░ iTV рдЕрдм рдорд╛рддреНрд░ рд░реБ резрез,ренрейреи /-
 #FreeInternet #itv #dishhomenetwork #DishHome #dishhomestormnetwork #stormnetwork #internetpackages",16,2,0
"Monday, January 30, 2023 at 12:00 PM",0,"рджреЗрд╢рдХреЛ рд▓рд╛рдЧрд┐ рдЖрдлреНрдиреЛ рдмрд▓рд┐рджрд╛рди рджрд┐рдиреЗ рд╕рдмреИ рдЬреНрдЮрд╛рдд рдЕрдЬреНрдЮрд╛рдд рд╢рд╣реАрджрд╣рд░реБрд▓рд╛рдИ рд╣рд╛рдореНрд░реЛ рдирдордирее
.
.
.
.
#SahidDiwas #nepal 
#internetspeed #FreeInternet #itv #dishhomenetwork #DishHome #dishhomestormnetwork #stormnetwork #internetpackages",7,0,0
"Thursday, January 26, 2023 at 11:57 AM",0,"рд╕реНрдХреБрд▓рдорд╛ рдорд╛рддреНрд░реИ рд╣реИрди, рдШрд░рдорд╛ рдкрдирд┐ 
рдХрд┐рддрд╛рдмрдорд╛ рдорд╛рддреНрд░реИ рд╣реИрди, рдЯрд┐рднрд┐рдорд╛ рдкрдирд┐
Dish home рдХреЛ рдЪреНрдпрд╛рдирд▓рд▓реЗ рд▓рд┐рдиреНрдЫ рдШрд░рдореИ class.
Rhymes, Academy, Bidhyalaya Sikshya and many more
#dishhomenetwork #itv #DishHome #INTERNET #internetspeed #nepal #FreeInternet",6,0,0
"Wednesday, January 25, 2023 at 5:53 PM",0,"Internet рдПрдХреНрджрдо SLOW рдЪрд▓реЗрдХреЛ рдЫ
Here are some tips and tricks that will help you to increase your Internet speed:
Consider using Wi-Fi repeaters and Signal
Centralize the router position, Elevate the Router, and position it to avoid large furniture and walls
Prioritize your device in your wifi settings
Change your wifi frequency channel
Swipe 
 for more tips and tricks
For more informational content, connect with us on our social media pages 
We are available on:
Facebook:  https://www.facebook.com/Stormnetworkpl?mibextid=ZbWKwL
Instagram: https://instagram.com/dhfibernetstormnetwork?igshid=YmMyMTA2M2Y=
You can contact us on: 014425440/ 9828043722/ 9801165420/ 9802322652/ 9801165410
#DISHHOME #DISHHOMENETWORK #iTV #internetspeed #nepal #internet #stormnetwork #dishhomestormnetwork",4,0,0
"Monday, January 16, 2023 at 9:26 PM",0,"""рдЖрдпреЛ рдЯрдкреНрдк рдЯрд┐рдкреНрдпреЛ, рд▓рдЧреНрдпреЛ, рдорд┐рддрд┐ рдкреБрдЧреНрдпреЛ рдЯрд╛рд░реЗрд░ рд░реНрдЯрд░реНрджреИрди рддреНрдпреЛ""
рдкреЛрдЦрд░рд╛ рд╡рд┐рдорд╛рди рджреБрд░реНрдШрдЯрдирд╛рдорд╛ рдкрд░реА рдЖрдлрдиреНрддрдЬрди рдЧреБрдорд╛рдПрдХрд╛ рд╢реЛрдХ рд╕рдиреНрддрдкреНрдд рдкрд░рд┐рд╡рд╛рд░рдЬрдирдорд╛ рдпрд╕ рджреБрдГрдЦрдж рдШрдбреА рд░ рдХреНрд╖рддрд┐рд▓рд╛рдИ рд╕рд╣рди рд╕рдХреНрдиреЗ рд╢рдХреНрддрд┐ рдорд┐рд▓реЛрд╕реН рднрдиреНрджреИ рдЧрд╣рд┐рд░реЛ рд╕рдорд╡реЗрджрдирд╛ рдкреНрд░рдХрдЯ рдЧрд░реНрджрдЫреМрдВред рд╕рд╛рдереИ рдореГрдд рдЖрддреНрдорд╛рдХреЛ рд╢рд╛рдиреНрддрд┐рдХрд╛ рд▓рд╛рдЧрд┐ рдХрд╛рдордирд╛ рдЧрд░реНрджреИ рд╣рд╛рд░реНрджрд┐рдХ рд╢реНрд░рджреНрдзрд╛рдиреНрдЬрд▓реА рдкрдирд┐ рдмреНрдпрдХреНрдд рдЧрд░реНрджрдЫреМред",6,0,0
"Sunday, January 15, 2023 at 5:30 AM",0,"рдорд╛рдзреЗ рд╕рдХреНрд░рд╛рдиреНрддрд┐ реирежренреп рдХреЛ рдЙрдкрд▓рдХреНрд╖реНрдпрдорд╛ рд╕рдмреИрд▓рд╛рдЗ рд╕реБрдЦ, рд╢рдиреНрддреА рддрдерд╛ рд╕рдореГрджреНрдзрд┐рдХреЛ рд╣рд░реНрджрд┐рдХ рдордВрдЧрд▓рдордп рд╢реБрднрдХрд╛рдордирд╛ 
For more Detail: 014425440/ 9828043722/ 9801165420/ 9802322652/ 9801165410
#dishhome #dishhomefibernet #freeinternet #internet",6,0,0
"Thursday, January 12, 2023 at 2:44 PM",0,"DishHome Fibernet рдХреЛ Referral рдЕрдлрд░ !!!
рез рдорд╣рд┐рдирд╛ Internet FREE!! 
рдорд╛рддреНрд░ рез рдЬрдирд▓рд╛рдИ Refer рдЧрд░реЗрд░, рез рдорд╣рд┐рдирд╛ Internet рд╕рд┐рддреНрддреИрдорд╛ рдкрд╛рд╣реБрдиреБрд╣реЛрд╕реН
For more Detail: 014425440/ 9828043722/ 9801165420/ 9802322652/ 9801165410 
#dishhome #dishhomefibernet #freeinternet #internet",5,1,0
"Monday, January 9, 2023 at 11:06 AM",0,0,5,0,0
"Thursday, December 1, 2022 at 1:57 PM",0,"ЁЭРГЁЭРвЁЭРмЁЭРбЁЭРЗЁЭРиЁЭРжЁЭРЮ рдХреЛ FestiveрдЕрдлрд░ !!!
DishHome Fibernet рд▓реЗ рд▓реНрдпрд╛рдПрдХреЛ рдЫ, рдирдпрд╛рдБ Bandwidth рдХреЛ рд╕рд╛рде Attractive Rate рдорд╛ Fastest Internet рдкреНрдпрд╛рдХреЗрдЬрд╣рд░реБ;
 50   Mbps- Rs. 449/m
 75   Mbps- Rs. 595/m
 100 Mbps- Rs. 687/m
 150 Mbps- Rs. 824/m
 200 Mbps- Rs. 870/m
 250 Mbps- Rs. 916/m
рд╕рд╛рдердорд╛ рдкреНрд░рддрд┐ рдорд╣рд┐рдирд╛ Rs. 250/- рдорд╛ DishHome iTV/DTH рдкрдирд┐ ред
Condition apply*
Call: +977 981-3391989 
         9802322651/9802322652",4,0,0
"Sunday, November 6, 2022 at 4:36 PM",0,"ЁЭРГЁЭРвЁЭРмЁЭРбЁЭРЗЁЭРиЁЭРжЁЭРЮ рдХреЛ ЁЭРЕЁЭРвЁЭРЫЁЭРЮЁЭРлЁЭРзЁЭРЮЁЭРн рдЕрдлрд░ !!!
DishHome Fibernet рд▓реЗ рд▓реНрдпрд╛рдПрдХреЛ рдЫ, рдирдпрд╛рдБ Bandwidth рдХреЛ рд╕рд╛рде Attractive Rate рдорд╛ Fastest Internet рдкреНрдпрд╛рдХреЗрдЬрд╣рд░реБ;
 75 Mbps- Rs. 595/m
 100 Mbps- Rs. 687/m
 150 Mbps- Rs. 824/m
 200 Mbps- Rs. 870/m
 250 Mbps- Rs. 916/m
рд╕рд╛рдердорд╛ рдкреНрд░рддрд┐ рдорд╣рд┐рдирд╛ Rs. 250/- рдорд╛ DishHome iTV/DTH рдкрдирд┐ ред
Condition apply*
Call: +977 981-3391989 
         9802322651/9802322652",156,55,1
"Wednesday, October 19, 2022 at 3:00 PM","DishHome's Festive Fibernet Offer!!!
DishHome Fibernet brings you more happiness to the occasion of festivals.. Fastest Internet Packages at Attractive Rate with new Bandwidth;
 75 Mbps- Rs. 595 /m
 100 Mbps- Rs. 687/m
 150 Mbps- Rs. 824/m
 200 Mbps- Rs. 870 /m
 250 Mbps- Rs. 916 /m
Along with DishHome iTV/DTH at Rs. 250/- per month.
*condition apply
Contact us today to avail this offer in a happy moment.
For more Detail: 9841848605/9841715897/9841703423
#FestiveFibernet #Dashain #Tihar  #Festiveseason #navaratri #tika #jamara #bhaitika #FestiveOffer #FastestInternet #BestInternet #BestISP #Highbandwidth #Attractiverates #Mbps #ClebratingTogether #EnjoyingVibes #DishHomeFibernet
  ┬╖ See original
  ┬╖ Rate this translation",0,3,1,0
"Wednesday, October 19, 2022 at 12:18 PM","DishHome's Festive Fibernet Offer!!!
DishHome Fibernet brings you more happiness to the occasion of festivals.. Fastest Internet Packages at Attractive Rate with new Bandwidth;
 75 Mbps- Rs. 595 /m
 100 Mbps- Rs. 687/m
 150 Mbps- Rs. 824/m
 200 Mbps- Rs. 870 /m
 250 Mbps- Rs. 916 /m
Along with DishHome iTV/DTH at Rs. 250/- per month.
*condition apply
Contact us today to avail this offer in a happy moment.
For more Detail: 9841848605/9841715897/9841703423
#FestiveFibernet #Dashain #Tihar  #Festiveseason #navaratri #tika #jamara #bhaitika #FestiveOffer #FastestInternet #BestInternet #BestISP #Highbandwidth #Attractiverates #Mbps #ClebratingTogether #EnjoyingVibes #DishHomeFibernet
  ┬╖ See original
  ┬╖ Rate this translation",0,66,8,3
"Friday, October 14, 2022 at 11:33 AM",0,"""DishHome рез рд╡рд░реНрд╖рдорд╛ реирек рдорд╣рд┐рдирд╛""
Lucky Draw every monday рд╕рд╛рдБрдЭ рел рдмрдЬреЗ
рез рд╡рд░реНрд╖рдХреЛ рд░рд┐рдЪрд╛рд░реНрдЬ рдЧрд░реНрджрд╛ реирек рдорд╣рд┐рдирд╛рд╕рдореНрдо DishHome рд╣реЗрд░реНрди рдкрд╛рдЗрдиреЗ |
Weekly Lucky Draw рдорд╛рд░реНрдлрдд рез рд╡рд░реНрд╖рдХреЛ рд░рд┐рдЪрд╛рд░реНрдЬ рдЧрд░реНрдиреБрд╣реБрдиреЗ рдЧреНрд░рд╛рд╣рдХрдордзреНрдпреЗ рез рдЬрдирд╛рд▓рд╛рдИ рдирдЧрдж рд░реБ резрежреж,режрежреж /-
*DH Fibernet & DHI TV Combo Offer* 
A] 32"" Normal TV with Free IPTV 1 year + 50 Mbps Yearly Internet   *Rs. 22,999* 
B] 32"" Normal TV with Free IPTV 1 year + 250 Mbps Yearly Internet  *Rs. 29,329* 
C] 43"" Smart TV with Free IPTV 1 year + 250 Mbps  Yearly Internet  *Rs. 43,999*
For Schemes and Offers:
Viber & whatapp: 9823747351
: Hotline Number: 9851046540/9802322652
: After Sales: 98015-44-000
#1BarshaMa24Mahina #WeeklyLuckyDraw #DishHome #DishHomeGO #XVOD #DishHome4kStreamer #DashainOffer #FestiveOffer #FiberNet #Unmatched #Uninterrupted",3,2,0
"Tuesday, October 11, 2022 at 1:23 PM",0,"""DishHome рез рд╡рд░реНрд╖рдорд╛ реирек рдорд╣рд┐рдирд╛""
Lucky Draw every monday рд╕рд╛рдБрдЭ рел рдмрдЬреЗ
рез рд╡рд░реНрд╖рдХреЛ рд░рд┐рдЪрд╛рд░реНрдЬ рдЧрд░реНрджрд╛ реирек рдорд╣рд┐рдирд╛рд╕рдореНрдо DishHome рд╣реЗрд░реНрди рдкрд╛рдЗрдиреЗ |
Weekly Lucky Draw рдорд╛рд░реНрдлрдд рез рд╡рд░реНрд╖рдХреЛ рд░рд┐рдЪрд╛рд░реНрдЬ рдЧрд░реНрдиреБрд╣реБрдиреЗ рдЧреНрд░рд╛рд╣рдХрдордзреНрдпреЗ рез рдЬрдирд╛рд▓рд╛рдИ рдирдЧрдж рд░реБ резрежреж,режрежреж /-
*DH Fibernet & DHI TV Combo Offer* 
A] 32"" Normal TV with Free IPTV 1 year + 50 Mbps Yearly Internet   *Rs. 22,999* 
B] 32"" Normal TV with Free IPTV 1 year + 250 Mbps Yearly Internet  *Rs. 29,329* 
C] 43"" Smart TV with Free IPTV 1 year + 250 Mbps  Yearly Internet  *Rs. 43,999*
For Schemes and Offers:
Viber & whatapp: 9823747351
: Hotline Number: 9851046540/9802322652
: After Sales: 98015-44-000
#1BarshaMa24Mahina #WeeklyLuckyDraw #DishHome #DishHomeGO #XVOD #DishHome4kStreamer #DashainOffer #FestiveOffer #FiberNet #Unmatched #Uninterrupted",3.6K,5,4
"Wednesday, October 5, 2022 at 10:20 AM",0,"реирежренреп рд╕рд╛рд▓рдХреЛ рд╡рд┐рдЬрдпрд╛ рджрд╢рдореАрдХреЛ рдкрд╛рд╡рди рдЕрд╡рд╕рд░рдорд╛ рджреЗрд╢ рддрдерд╛ рд╡рд┐рджреЗрд╢рдорд╛ рд░рд╣рдиреБрднрдПрдХрд╛ рд╕рдВрдкреВрд░реНрдг рдиреЗрдкрд╛рд▓реАрд╣рд░реБ рдорд╛рдЭ рд╕реБрд╕реНрд╡рд╛рд╕реНрдереНрдп рд░ рд╕рдлрд▓рддрд╛рдХреЛ рд╣рд╛рд░реНрджрд┐рдХ рдордВрдЧрд▓рдордп рд╢реБрднрдХрд╛рдордирд╛ рд╡реНрдпрдХреНрдд рдЧрд░реНрджрдЫреМрдБ ред 
#Happiness #KhusikoConnnection #DishHome #Nepal #рд╡рд┐рдЬрдпрд╛рджрд╢рдореА",1,0,0
"Wednesday, September 28, 2022 at 1:32 PM",0,"ЁЭРЕЁЭРДЁЭРТЁЭРУЁЭРИЁЭРХЁЭРД ЁЭРЕЁЭРИЁЭРБЁЭРДЁЭРСЁЭРНЁЭРДЁЭРУ!
ЁЭЯРЁЭЯОЁЭЯО ЁЭРМЁЭРЫЁЭРйЁЭРм ЁЭРЪЁЭРн ЁЭРиЁЭРзЁЭРеЁЭР▓ ЁЭРСЁЭРм. ЁЭЯЦЁЭЯХЁЭЯО ЁЭРйЁЭРЮЁЭРл ЁЭРжЁЭРиЁЭРзЁЭРнЁЭРб with ЁЭРФЁЭРзЁЭРеЁЭРвЁЭРжЁЭРвЁЭРнЁЭРЮЁЭРЭ ЁЭРБЁЭРЪЁЭРзЁЭРЭЁЭР░ЁЭРвЁЭРЭЁЭРнЁЭРб.
Presenting the New Bandwidth at Attractive Rate.
Enjoy the Fastest Internet Ever!
тАгЁЭЯХЁЭЯУ ЁЭРМЁЭРЫЁЭРйЁЭРм ЁЭРЪЁЭРн ЁЭРСЁЭРм.ЁЭЯУЁЭЯЧЁЭЯУ/-(ЁЭРйЁЭРЮЁЭРл ЁЭРжЁЭРиЁЭРзЁЭРнЁЭРб)
тАгЁЭЯПЁЭЯОЁЭЯО ЁЭРМЁЭРЫЁЭРйЁЭРм ЁЭРСЁЭРм.ЁЭЯФЁЭЯЦЁЭЯХ/-(ЁЭРйЁЭРЮЁЭРл ЁЭРжЁЭРиЁЭРзЁЭРнЁЭРб)
тАгЁЭЯПЁЭЯУЁЭЯО ЁЭРМЁЭРЫЁЭРйЁЭРм ЁЭРСЁЭРм.ЁЭЯЦЁЭЯРЁЭЯТ/- (ЁЭРйЁЭРЮЁЭРл ЁЭРжЁЭРиЁЭРзЁЭРнЁЭРб)
тАгЁЭЯРЁЭЯУЁЭЯО ЁЭРМЁЭРЫЁЭРйЁЭРм ЁЭРЪЁЭРн ЁЭРСЁЭРм.ЁЭЯЧЁЭЯПЁЭЯФ/- (ЁЭРйЁЭРЮЁЭРл ЁЭРжЁЭРиЁЭРзЁЭРнЁЭРб)
Also, install ЁЭРГЁЭРвЁЭРмЁЭРбЁЭРЗЁЭРиЁЭРжЁЭРЮ ЁЭРУЁЭРХ/ЁЭРГЁЭРУЁЭРЗ ЁЭРТЁЭРоЁЭРЫЁЭРмЁЭРЬЁЭРлЁЭРвЁЭРйЁЭРнЁЭРвЁЭРиЁЭРз ЁЭРЪЁЭРн ЁЭРгЁЭРоЁЭРмЁЭРн ЁЭРСЁЭРм. ЁЭЯРЁЭЯУЁЭЯО/- ЁЭРйЁЭРЮЁЭРл ЁЭРжЁЭРиЁЭРзЁЭРнЁЭРб.
For Schemes and Offers:
: Hotline Number: 9851046540
: After Sales: 98015-44-000
*Conditions Apply 
#FestiveFibernet #DashainOffer #FestiveOffer #stormnetwork #dishhomeitv #DishHome #FiberNet #Unmatched #DishHome4kStreamer",64,5,0
"Sunday, September 25, 2022 at 3:21 PM",0,"*DH Fibernet & DHI TV Combo Offer* 
A] 32"" Normal TV with Free IPTV 1 year + 50 Mbps Yearly Internet   *Rs. 22,999* 
B] 32"" Normal TV with Free IPTV 1 year + 250 Mbps Yearly Internet  *Rs. 29,329* 
C] 43"" Smart TV with Free IPTV 1 year + 250 Mbps  Yearly Internet  *Rs. 43,999*",7,1,0
"Wednesday, September 21, 2022 at 7:06 PM",0,"рдбрд┐рд╢рд╣реЛрдордХреЛ рдлрд╛рдЗрдмрд░ рдИрдиреНрдЯрд░рдиреЗрдЯ рдЕрдм рд╕рдмреИ рднрдиреНрджрд╛ рд╕рд╕реНрддреЛ рд░ рд╕рдмреИ рднрдиреНрджрд╛ рд░рд╛рдореНрд░реЛ 
 рддрдкрд╛рдИрдВрд╣рд░реБрдХреЛ рд╣рд╛рддрдорд╛, рдмрд┐рднрд┐рдиреНрди рдЕрдлрд░рд╣рд░реБрдХреЛ рд╕рд╛рдердорд╛
 рдирдпрд╛рдБ рдЬрдбрд╛рдирдХреЛ рд▓рд╛рдЧрд┐ рдЖрдЬреИ рд╕рдореНрдкрд░реНрдХ рдЧрд░реНрдиреБрд╣реЛрд╕: 
 9823747351(viber/whatsapp)
call: 014425440/ 014425449
рдпреЛ OFFER рд╕рд┐рдорд┐рдд рдЕрд╡рдзрд┐рдХреЛ рд▓рд╛рдЧрд┐ рднрдПрдХреЛрд▓реЗ, OFFER рдХреЛ рд▓рд╛рдн рд▓рд┐рди рд╣рд╛рдореАрд▓рд╛рдИ рд╕рдореНрдкрд░реНрдХ рдЧрд░реНрдиреБрд╣реЛрд▓рд╛ ред 
Dishhome Fibernet
OFFER AVAILABLE IN ALL MAJOR CITIES:",3.2K,7,6
"Thursday, July 21, 2022 at 3:29 PM",0,0,7,0,0
"Thursday, July 21, 2022 at 3:26 PM",0,*** рд╕рдордп рдЖрдЙрдЫ рдкрдЦрд┐рджреИрди *** # рдЖрдЬреИ Dish Home Fiber Net рдЬреЛрдбреА рдореМрдХрд╛рдХреЛ рдлрд╛рдИрджрд╛ рд▓рд┐рдиреБрд╣реЛрд╕реН # рдЕрдм рд╕рдмреИ рднрдиреНрджрд╛ рд░рд╛рдореНрд░реЛ рдкрдирд┐....рд╕рд╕реНрддреЛ рдкрдирд┐.... # рдЕрдм 50mbps рдорд╛рддреНрд░ Rs.699 рдорд╛ with DTH Combo Recharge # рдЕрдм 100mbps рдорд╛рддреНрд░ Rs.899 рдорд╛ with DTH Combo Recharge # Online Fund Transfer/Recharge рд╕реЗрд╡рд╛ рдЙрдкрд▓рд╡реНрдж рдЫ # рдЬрдбрд╛рди рдХреЛ рд▓рд╛рдЧрд┐ NTC: 9841848605 / 9851046540 NCELL : 9813391989 Landline :01-4425440/ 4425449 рдорд╛ рд╕рдореНрдкреНрд░рдХ рдЧрд░реНрдиреБ рд╣реЛрд▓рд╛ # рд╣рд╛рдореА рд╕рджреИрдм рддрдкрд╛рдИрдВрд╣рд░реБрдХреЛ рд╕реЗрд╡рд╛рдорд╛ рд╕рдорд░реНрдкрд┐рдд,8.7K,24,2
"Thursday, July 7, 2022 at 3:14 PM",0,"*** рд╕рдордп рдЖрдЙрдЫ рдкрдЦрд┐рджреИрди ***
# рдЖрдЬреИ Dish Home Fiber Net  рдЬреЛрдбреА рдореМрдХрд╛рдХреЛ рдлрд╛рдИрджрд╛ рд▓рд┐рдиреБрд╣реЛрд╕реН
# рдЕрдм рд╕рдмреИ рднрдиреНрджрд╛ рд░рд╛рдореНрд░реЛ рдкрдирд┐....рд╕рд╕реНрддреЛ рдкрдирд┐....
# рдЕрдм 50mbps  рдорд╛рддреНрд░  Rs.699  рдорд╛ with DTH Combo Recharge 
# рдЕрдм 100mbps рдорд╛рддреНрд░ Rs.899  рдорд╛ with DTH Combo Recharge
# Online Fund Transfer/Recharge  рд╕реЗрд╡рд╛ рдЙрдкрд▓рд╡реНрдж рдЫ   
# рдЬрдбрд╛рди рдХреЛ рд▓рд╛рдЧрд┐ NTC: 9841848605 / 9851046540 NCELL : 9813391989   Landline :01-4425440/ 4425449 рдорд╛ рд╕рдореНрдкреНрд░рдХ рдЧрд░реНрдиреБ рд╣реЛрд▓рд╛ 
# рд╣рд╛рдореА рд╕рджреИрдм рддрдкрд╛рдИрдВрд╣рд░реБрдХреЛ рд╕реЗрд╡рд╛рдорд╛ рд╕рдорд░реНрдкрд┐рдд",95,28,3
"Friday, May 20, 2022 at 12:45 PM",0,"""DishHome рез рд╡рд░реНрд╖рдорд╛ реирек рдорд╣рд┐рдирд╛""
рез рд╡рд░реНрд╖рдХреЛ рд░рд┐рдЪрд╛рд░реНрдЬ рдЧрд░реНрджрд╛ реирек рдорд╣рд┐рдирд╛рд╕рдореНрдо DishHome рд╣реЗрд░реНрди рдкрд╛рдЗрдиреЗ |   
Weekly Lucky Draw рдорд╛рд░реНрдлрдд рез рд╡рд░реНрд╖рдХреЛ рд░рд┐рдЪрд╛рд░реНрдЬ рдЧрд░реНрдиреБрд╣реБрдиреЗ рдЧреНрд░рд╛рд╣рдХрдордзреНрдпреЗ рез рдЬрдирд╛рд▓рд╛рдИ рдирдЧрдж рд░реБ резрежреж,режрежреж /-   
For more information;
Call: 01-4425440 / 4425449
DishHome Fibernet рдЬрдбрд╛рдирдХреЛ рд▓рд╛рдЧрд┐ рдЖрдЬреИ DishHome рдбрд┐рд▓рд░ рджрд╛рдИ 9802322652/ 9813391989 рдорд╛ рд╕рдореНрдкрд░реНрдХ рдЧрд░реНрдиреБрд╣реЛрд╕реН ред
#рдЬреЛрдбреНрджреИ_рд╕рд╛рд░рд╛_рджреЗрд╢рд▓рд╛рдИ
#FreeTVSubscription #DishHomeFibernet #ISP #Quality #HighSpeed #Reliable #BestPrice #DishHome #Nepal#1BarshaMa24Mahina #WeeklyLuckyDraw  #DishHomeGO #XVOD #DishHome4kStreamer",190,28,3
"Wednesday, May 18, 2022 at 12:15 PM",0,"""DishHome рез рд╡рд░реНрд╖рдорд╛ реирек рдорд╣рд┐рдирд╛""
рез рд╡рд░реНрд╖рдХреЛ рд░рд┐рдЪрд╛рд░реНрдЬ рдЧрд░реНрджрд╛ реирек рдорд╣рд┐рдирд╛рд╕рдореНрдо DishHome рд╣реЗрд░реНрди рдкрд╛рдЗрдиреЗ |   
Weekly Lucky Draw рдорд╛рд░реНрдлрдд рез рд╡рд░реНрд╖рдХреЛ рд░рд┐рдЪрд╛рд░реНрдЬ рдЧрд░реНрдиреБрд╣реБрдиреЗ рдЧреНрд░рд╛рд╣рдХрдордзреНрдпреЗ рез рдЬрдирд╛рд▓рд╛рдИ рдирдЧрдж рд░реБ резрежреж,режрежреж /-  
For more information;
Call: 01-4425440 / 4425449
DishHome Fibernet рдЬрдбрд╛рдирдХреЛ рд▓рд╛рдЧрд┐ рдЖрдЬреИ DishHome рдбрд┐рд▓рд░ рджрд╛рдИ 9802322652/ 9813391989 рдорд╛ рд╕рдореНрдкрд░реНрдХ рдЧрд░реНрдиреБрд╣реЛрд╕реН ред
#рдЬреЛрдбреНрджреИ_рд╕рд╛рд░рд╛_рджреЗрд╢рд▓рд╛рдИ
#FreeTVSubscription #DishHomeFibernet #ISP #Quality #HighSpeed #Reliable #BestPrice #DishHome #Nepal#1BarshaMa24Mahina #WeeklyLuckyDraw  #DishHomeGO #XVOD #DishHome4kStreamer",9,1,0
"Wednesday, April 27, 2022 at 3:38 PM",0,"""DishHome рез рд╡рд░реНрд╖рдорд╛ реирек рдорд╣рд┐рдирд╛""
рез рд╡рд░реНрд╖рдХреЛ рд░рд┐рдЪрд╛рд░реНрдЬ рдЧрд░реНрджрд╛ реирек рдорд╣рд┐рдирд╛рд╕рдореНрдо DishHome рд╣реЗрд░реНрди рдкрд╛рдЗрдиреЗ |   
Weekly Lucky Draw рдорд╛рд░реНрдлрдд рез рд╡рд░реНрд╖рдХреЛ рд░рд┐рдЪрд╛рд░реНрдЬ рдЧрд░реНрдиреБрд╣реБрдиреЗ рдЧреНрд░рд╛рд╣рдХрдордзреНрдпреЗ рез рдЬрдирд╛рд▓рд╛рдИ рдирдЧрдж рд░реБ резрежреж,режрежреж /-",73,9,3
"Sunday, April 10, 2022 at 3:05 PM",0,"Now, switch to DishHome Fibernet.
Install Wi-Fi 6 Router, and Enjoy the Fastest Internet Speed Ever!!
Our HiTech Wi-Fi 6 Router performs 4 times faster than 5GHz router.
""DishHome рез рд╡рд░реНрд╖рдорд╛ реирек рдорд╣рд┐рдирд╛""
рез рд╡рд░реНрд╖рдХреЛ рд░рд┐рдЪрд╛рд░реНрдЬ рдЧрд░реНрджрд╛ реирек рдорд╣рд┐рдирд╛рд╕рдореНрдо DishHome рд╣реЗрд░реНрди рдкрд╛рдЗрдиреЗ |   
Weekly Lucky Draw рдорд╛рд░реНрдлрдд рез рд╡рд░реНрд╖рдХреЛ рд░рд┐рдЪрд╛рд░реНрдЬ рдЧрд░реНрдиреБрд╣реБрдиреЗ рдЧреНрд░рд╛рд╣рдХрдордзреНрдпреЗ рез рдЬрдирд╛рд▓рд╛рдИ рдирдЧрдж рд░реБ резрежреж,режрежреж /-   
For more information;
Call: 01-4425440 / 4425449
DishHome Fibernet рдЬрдбрд╛рдирдХреЛ рд▓рд╛рдЧрд┐ рдЖрдЬреИ DishHome рдбрд┐рд▓рд░ рджрд╛рдИ 9802322652/ 9813391989 рдорд╛ рд╕рдореНрдкрд░реНрдХ рдЧрд░реНрдиреБрд╣реЛрд╕реН ред
#рдЬреЛрдбреНрджреИ_рд╕рд╛рд░рд╛_рджреЗрд╢рд▓рд╛рдИ
#FreeTVSubscription #DishHomeFibernet #ISP #Quality #HighSpeed #Reliable #BestPrice #DishHome #Nepal#1BarshaMa24Mahina #WeeklyLuckyDraw  #DishHomeGO #XVOD #DishHome4kStreamer",80,14,2
"Monday, April 4, 2022 at 4:22 PM",0,"#Dishhome рдЧреНрд░рд╛рд╣рдХ рдХреЛ рд▓рд╛рдЧрд┐ рдЦреБрд╕реА рдХреЛ рдЦрдмрд░ !
рез рдмрд░реНрд╖ рдХреЛ рд░рд┐рдЪрд╛рд░реНрдЬ рдорд╛ рез рдмрд░реНрд╖ рдлреНрд░реА рдорд╛!! рд╕рд╛рдереИ рдкреНрд░рддреНрдпреЗрдХ рд╣рдкреНрддрд╛ lucky draw рдорд╛рд░реНрдлрддреН 100000 рдЬрд┐рддреНрдиреЗ рдореМрдХрд╛
рд╕рдореНрдкрд░реНрдХ: - 9813391989/ 9802322652
#dishhomeandfibernetkathmandu 
#dishhomefibernet
#dishhomekathmandu
#feelthebestspeed
#experiencethebest
#experiencethefast",3,2,0
"Sunday, April 3, 2022 at 12:36 PM",0,"рдмреБрдХрд┐рдЩреНрдЧрдХреЛ рд▓рд╛рдЧрд┐ рд╕рдореНрдкрд░реНрдХ: - 9813391989/ 9802322652
100 mbpsрдХреЛ рез рд╡рд░реНрд╖ рдорд╛рддреНрд░ -10788/-
#dishhomeandfibernetkathmandu 
#dishhomefibernet
#dishhomekathmandu
#feelthebestspeed
#experiencethebest
#experiencethefast",65,23,3
"Friday, February 11, 2022 at 12:23 PM",0,0,1,0,0
"Friday, February 11, 2022 at 12:19 PM",0,0,1,1,0
"Monday, November 22, 2021 at 2:11 PM",0,0,2,1,0
"Monday, November 22, 2021 at 2:08 PM",0,0,2,0,0
"Thursday, July 15, 2021 at 4:12 PM",0,0,3,0,0
"Thursday, July 15, 2021 at 4:12 PM",0,0,2,0,0
"Sunday, May 16, 2021 at 1:15 PM",0,0,3,2,0
"Tuesday, April 13, 2021 at 1:35 PM",0,Get Ready For The Match....,2,0,0
"Thursday, April 8, 2021 at 12:34 PM",0,Dishhome: рдпрджрд┐ рддрдкрд╛рдИрдХреЛ рдбрд┐рд╕рд╣реЛрдордХреЛ рд░рд┐рдЪрд╛рд░реНрдЬ рд╕рдХрд┐рдПрдХреЛ рдЫ рднрдиреЗ рдЖрдЬ рджрд┐рдКрд╕реЛ рей рдмрдЬреЗ рднрд┐рддреНрд░ рд░рд┐рдЪрд╛рд░реНрдЬ рдЧрд░рд┐рд╕рдХреНрдиреБрд╣реЛрд▓рд╛редрддрдкрд╛рдИрдВ рдкрдирд┐ рд▓рдХреНрдХрд┐ рдбреНрд░ рдорд╛ рд╕рд╣рднрд╛рдЧреА рд╣реБрдБрджреИ рднрд╛рдЧреНрдпрд╢рд╛рд▓рд┐ рдмрд┐рдЬреЗрддрд╛ рдмрдиреЗрд░ рдмреИрдВрдХрдХ рдЬрд╛рди рд╕рдХреНрдиреБрд╣реБрдиреЗрдЫред,2,1,0
"Sunday, April 4, 2021 at 1:30 PM",0,0,0,0,0
"Tuesday, March 9, 2021 at 4:25 PM",0,"рдбрд┐рд╢рд╣реЛрдордХрд╛ рдЧреНрд░рд╛рд╣рдХрдХрд╛ рд▓рд╛рдЧрд┐ рдЦреБрд╢рд┐рдХреЛ рдЦрдмрд░ ! рдЕрдм рдбрд┐рд╢рд╣реЛрдордорд╛ рдпреА рд╕рдореНрдкреБрд░реНрдг  рд╕реБрд╡рд┐рдзрд╛рд╣рд░реБ рдЙрдкрд▓рдмреНрдз рдЫрдиреН ред
рез. рдбрд┐рд╢рд╣реЛрдордХреЛ XVOD рд╕реБрд╡рд┐рдзрд╛ рдорд╛рд░реНрдлрдд рдШрд░рдореИ рдмрд╕реЗрд░ Class 1 рджреЗрдЦрд┐ class 10 рд╕рдореНрдордХреЛ рд╣рд░реЗрдХ рд╡рд┐рд╕рдп рдкрдвреНрди рдкрд╛рдЗрдиреЗ,
реи. рдбрд┐рд╢рд╣реЛрдо XVOD рдорд╛рд░реНрдлрдд рд╣реЗрд░реНрди рдЫреБрдЯреЗрдХрд╛ рдЖрдирдиреНрджреА, рдЬрдбреНрдпреМрд░реА, рд╢реЗрд░реЗрд▓реЗ рд╣рд╕рд╛рдЙрдЫ, рд╕рдЧреНрд▓реЛ рд╕рдорд╛рдЬ рдЬрд╕реНрддрд╛ рд▓реЛрдХрдкреНрд░рд┐рдп рд╕рдмреИ рд╕рд┐рд░рд┐рдпрд▓рд╣рд░реБ рднрд╛рдЧ рез рджреЗрдЦрд┐ рд╣реЗрд░реНрди рдкрд╛рдЗрдиреЗ,
рей. Dishhome Go рдорд╛рд░реНрдлрдд рдШрд░ рдмрд╛рд╣рд┐рд░ рд╡рд╛ рдЬрд╣рд╛рдБ рднрдПрдкрдиреА рдореЛрд╡рд╛рдЗрд▓рдорд╛ рдиреИ  ренреж рднрдиреНрджрд╛ рдмрдврд┐  рдбрд┐рд╢рд╣реЛрдордХрд╛ рдЪреНрдпрд╛рдирд▓рд╣рд░реБ  рдирд┐рд╢реБрд▓реНрдХ рд╣реЗрд░реНрди рдкрд╛рдЗрдиреЗ, 
To get Dishhome Go https://play.google.com/store/apps/details...
рек. Dish home Web Tv рдорд╛рд░реНрдлрдд рдЖрдлреНрдиреЛ laptop рд╡рд╛ desktop рдорд╛ рдкрдирд┐ ренреж рднрдиреНрджрд╛ рдмрдврд┐  рдбрд┐рд╢рд╣реЛрдордХрд╛ рдЪреНрдпрд╛рдирд▓рд╣рд░реБ рдирд┐рд╢реБрд▓реНрдХ рд╣реЗрд░реНрди рд╕рдХрд┐рдиреНрдЫ ред 
рдЖрдлреНрдиреЛ computer рдХреЛ browser рдорд╛ рдЧрдПрд░ https://dishhomego.dishhome.com.np/signin рдЧрд░реА Dishhome  web TV рд╣реЗрд░реНрди рд╕рдХрд┐рдиреНрдЫ ред
рел. рд╕рд┐рдиреЗрдорд╛ рд╣рд▓ рд╕рдореНрдо рдзрд╛рдЙрди рдирдкрд░реНрдиреЗ, рдШрд░рдореИ рд░рд╣реЗрд░ рд╣рд▓рдорд╛ рд▓рд╛рдЧрд┐рд░рд╣реЗрдХреЛ рдлрд┐рд▓реНрдо First Day First Show  рд╣реЗрд░реНрди рдкрд╛рдЗрдиреЗ,
рдиреЛрдЯ: Dishhome Web TV рд░ Dish home Go рдХреЛ user name рд░ password рдПрдЙрдЯреИ рд░рд╣рдиреЗрдЫ ред рдпреА рд╕рд╡реИ рд╕реЗрд╡рд╛рдХреЛ рдордЬреНрдЬрд╛ рд▓рд┐рди рдЧреНрд░рд╛рд╣рдХрдХреЛ рдмрдХреНрд╕рдорд╛ рд╡реНрдпрд╛рд▓реЗрдиреНрд╕ рдирд╕рдХрд┐рдПрдХреЛ рд╣реБрдирдкрд░реНрдиреЗрдЫ ред
рд╡рд┐рд╕реНрддреГрдд рдЬрд╛рдирдХрд╛рд░реА: 01-4425440/ 9813391989/ 9841703423        
#рдбрд┐рд╢рд╣реЛрдо_рдЦреБрд╢рд┐рдХреЛ_рдХрдиреЗрдХреНрд╕рди",3,1,0
"Wednesday, February 24, 2021 at 12:49 PM",0,"Now You Can Watch Dishhome GO On Mobile, Laptop & Desktop Too. Follow The Link Below,
https://dishhomego.dishhome.com.np/signin",2,1,1
"Sunday, February 14, 2021 at 4:09 PM",0,Price Change On Dishhome Package,2,0,0
"Friday, February 12, 2021 at 3:18 PM",0,New Price Rate To Be Regulate From 1st Of Falgun,7,1,0
"Friday, February 12, 2021 at 3:13 PM",0,0,1,0,0
"Tuesday, December 22, 2020 at 11:30 PM",0,"рдбрд┐рд╢рд╣реЛрдо рдкреНрд░рдпреЛрдЧ рдЧрд░реА рд░рд╣рдиреБ рднрдПрдХрд╛ рдЧреНрд░рд╛рд╣рдХ рдорд╣рд╛рдиреБрднрд╛рдмрд╣рд░реБрдХреЛ рд▓рд╛рдЧрд┐ рдЦреБрд╢реАрдХреЛ рдЦрдмрд░:
рдЕрдм рдбрд┐рд╢рд╣реЛрдордХреЛ рдИрдиреНрдЯрд░рдиреЗрдЯ рдЬрдбрд╛рди рдЧрд░реЗрдкрдЫреА рдбрд┐рд╢рд╣реЛрдо рдЯрд┐ рднрд┐ рд╕рд┐рддреНрддреИрдорд╛ ред
рдбрд┐рд╢рд╣реЛрдо рддрдерд╛ рдИрдиреНрдЯрд░рдиреЗрдЯ рдЬрдбрд╛рдирдХреЛ рд▓рд╛рдЧрд┐ рдЖрдЬреИ рд╕рдВрдкрд░реНрдХ рдЧрд░реНрдиреБрд╣реЛрд╕:  
 014425440 / 9801165410",2,8,0
"Tuesday, September 29, 2020 at 5:26 PM",0,Dth skim 2077,2,0,0
"Friday, September 25, 2020 at 9:26 PM",0,"рдмрдзрд╛рдИ рдЫ рднрдХреНрддрдкреБрд░рдмрд╛рдЯ 1 рдмрд░реНрд╖ рдХреЛ dishhome рдорд╛ рд░рд┐рдЪрд╛рд░реНрдЬ рдЧрд░реЗ рдмрд╛рдкрдд    1 рд▓рд╛рдЦ рдЬрд┐рддреНрдиреБ рд╣реБрдирд┐ balaram pandey рд░ рд░рд┐рдЪрд╛рд░реНрдЬ рдЧрд░рд╛рдЙрдиреБ рд╣реБрдирд┐ dealer рджрд╛рдЗ рд▓рд╛рдИ рдкрдирд┐ рдмрдзрд╛рдИ ред
рдЕрдм рдкрд╛рд▓реЛ рддрдкрд╛рдИрдВрд╣рд░реВ рдХреЛред рдЖрдЬреИ рд╕рдореНрдкрд░реНрдХ рдЧрд░реНрдиреБ рд╣реЛрд╕ ред   9841715897  /   9801165410",3,0,0
"Tuesday, September 15, 2020 at 3:37 PM",0,"рдмрдзрд╛рдИ рдЫ deepak thapa рдЬреА рд▓рд╛рдЗ !!
 рдбреАрд╕рд╣реЛрдо рд░рд┐рдЪрд╛рд░реНрдЬ рдХреЛ рд▓рд╛рдЧрд┐ Esewa рдмрд╛рдЯ рд╣рд╛рдорд┐ рд▓рд╛рдЗ рд░рдХрдо рдЯреНрд░рд╛рдиреНрд╕рдлрд░ рдЧрд░рд┐ рдмрд╛рд░реНрд╖рд┐рдХ рд░рд┐рдЪрд╛рд░реНрдЬ рдорд╛ рдирдЧрдж рд░реБ 1800 рдЫреБрдЯ (25% discount) рдкрд╛рдЙрди рд╕рдлрд▓ рд╣реБрдиреБ рднрдПрдХреЛ рдорд╛ рд╣рд╛рд░реНрджрд┐рдХ рдмрдзрд╛рдИ рджрд┐рди рдЪрд╛рд╣рдиреНрдЫреБ ред   
рдпрджрд┐ рддрдкрд╛рдЗрдБ рд╣рд░реБ рдкрдирд┐ рднрд╛рд░рд┐ рдЫреБрдЯ рдХрд╛ рд╕рд╛рдереН рдЖрдлреНрдиреЛ рдбреАрд╕ рд╣реЛрдо рд░рд┐рдЪрд╛рд░реНрдЬ рдЧрд░реНрди рдЪрд╛рд╣рдиреБ рд╣реБрдиреНрдЫрд╛ рднрдиреЗ рд╕рдореНрдкрд░реНрдХ рдЧрд░реНрдиреБ рд╣реЛрд╕реН !
рд╕рдореНрдкрд░реНрдХ :-  рдбреАрд╕ рд╣реЛрдо рдбрд┐рд▓рд░ рджрд╛рдЗ !
call :- 014425440
viber/esewa/:-9813391989
Ime pay :-  9801165410",2,1,0
"Friday, August 21, 2020 at 4:31 PM",0,0,1,0,0
"Tuesday, July 21, 2020 at 9:36 PM",0,0,1,0,0
"Friday, June 12, 2020 at 8:17 AM",0,0,2,0,0
"Monday, February 3, 2020 at 9:01 PM",0,"рдбрд┐рд╕рд╣реЛрдо рдмрд╛рд░реНрд╖рд┐рдХ рд░рд┐рдЪрд╛рд░реНрдЬ  рдЕрдлрд░ , 
рдЧреНрд░рд╛рд╣рдХ рд▓рд╛рдИ реп рдорд╣рд┐рдирд╛ рдХреЛ рд░рд┐рдЪрд╛рд░реНрдЬ рдЧрд░реНрджрд╛ рей рдорд╣рд┐рдирд╛ рдлреНрд░реА рдЕрдлрд░ ,
рд╕рдм -рдбрд┐рд▓рд░ рд▓рд╛рдИ рдмрд┐рджреЗрд╢ рд╕рдлрд░ ред
#рдбрд┐рд╕рд╣реЛрдо_рдорд╛_рдЕрдлрд░_рдиреИ_рдЕрдлрд░
#рдбрд┐рд╕рд╣реЛрдо_рдЦреБрд╕реА_ON_рдЧрд░реМред",1,0,0
"Monday, October 28, 2019 at 8:54 PM",0,0,3,0,0
"Friday, September 13, 2019 at 4:47 PM",0,0,2,0,0
"Friday, September 6, 2019 at 5:21 PM",0,Cirtificate distribution on dealer meet program 2076,1,0,0
"Friday, September 6, 2019 at 5:16 PM",0,0,1,0,0
"Friday, September 6, 2019 at 3:58 PM",0,Sub dealer meet 2076 @ Bougainville,4,0,0
